LB,~170
OUNCE,~2423
OZ,~1892
COUNT,~1824
FLUID,~548
FL,~342
PILLAR,~34
TOTAL,~25
PK,~126
POUND,~55
GALLON,~107
WINTER,~2
X,~272
DISPLAY,~168
STEM,~135
CUT,~10
INFANT,~3
SHEET,~39
OUNCES,~125
GR,~5
PRODUCE,~9
RL,~13
IN,~1010
IPAD,~2
MG,~295
INCH,~1039
CT,~705
PINT,~12
STRAIGHT,~1
RACK,~6
KRAFT,~5
ALBERTSONS,~9
STORIES,~5
ML,~135
BLUE,~10
CAPS,~4
SMOOTH,~3
PACK,~398
.LBS,~1
DARK,~14
HOUR,~88
PC,~267
MNY,~44
C,~17
FEET,~13
OUTLET,~36
W,~35
CHEESE,~45
HANDS,~15
ST,~51
SPICE,~3
GROUND,~12
FO,~49
/CANOLA,~2
CS,~22
TAB,~1
PLY,~61
SHEETS,~14
MIL,~25
EARTH,~6
SP,~4
INSCAN,~1
MILK,~5
PINE,~1
ANOS,~1
PEELED,~1
HOSTESS,~6
SOUTHWESTERN,~12
FLAVOR,~99
RAZOR,~19
PBDC,~1
SQUARE,~5
DOLLAR,~63
RECT,~21
EA,~16
PROD,~3
SMART,~5
PART,~3
PAIL,~13
PALLET,~21
WAY,~13
PROOF,~42
SPORT,~7
LAYER,~40
SUBJECT,~13
BITES,~10
VIEW,~5
COOK,~14
PIECE,~166
SKU,~18
SPR,~7
DS,~14
FLAVORS,~187
SECONDS,~5
STEMS,~33
NEW,~4
SIDED,~10
FACINGS,~1
RUM,~1
FSC,~23
HOLIDAY,~26
SLICE,~17
SPEED,~1
CM,~9
SUPER,~36
MONSTERS,~4
BEAN,~3
CROWN,~3
QT,~76
UNIT,~8
YEAR,~21
WHOLE,~5
SEEDS,~4
TRP,~1
BAKERY,~7
FALL,~15
DC,~1
MUG,~7
EVERYDAY,~4
SHOT,~3
CANDLE,~12
MASON,~1
MILLIGRAM,~18
ADJUSTABLE,~2
WNTR,~8
BRITTLE,~3
FLVR,~16
STRIPS,~9
CELL,~20
BAG,~4
SLT,~1
LILAC,~2
EAT,~22
WINE,~5
PER,~19
DECORATED,~4
G,~6
ORIG,~7
CARA,~2
MINT,~1
/BIZ,~1
FZ,~302
MOOSE,~1
HAIR,~22
HOMESTYLE,~2
OXI,~2
GAL,~36
TEQUILA,~5
GROW,~3
INCHES,~30
WHITE,~28
COLOR,~9
TO,~9
GET,~14
PROMO,~1
VALPAK,~1
GOLD,~4
REPLICA,~1
DOZEN,~2
ORANGE,~12
FREE,~11
BTS,~5
GLASSES,~1
PURE,~1
CUP,~65
PDQ,~10
VITTLES,~4
COOL,~9
DELI,~11
ACHIOTE,~2
BLADE,~24
LT,~29
MEGA,~49
BLISTER,~1
STEAK,~7
INCHG,~1
GRILL,~9
T,~3
BUNCH,~1
SKUS,~10
COPPER,~2
RED,~14
QUARTER,~4
GRANTIE,~1
WOOLLY,~1
NAT,~23
POS,~10
FLOOR,~2
CLEAR,~8
SPINACH,~1
TRIPLE,~4
MED,~19
OFF,~17
CRL,~8
EVNT,~1
BUCKET,~2
AIR,~8
UP,~3
FLOUR,~1
PERCENT,~18
MILLILITRE,~3
LITER,~62
CORE,~8
DLR,~4
SUCCULENT,~12
PELLET,~4
CHWY,~1
FRONT,~2
BREAKFAST,~1
PL,~9
MULTIGRAIN,~6
DEEPEST,~1
MENU,~8
LRG,~4
COLORS,~4
LETTUCE,~1
BAR,~10
POUNDS,~15
DAYS,~6
BLACK,~13
DELUXE,~7
STRW,~1
POWER,~14
HPMU,~1
CCC,~2
SMORES,~2
PET,~1
CLOTHS,~1
LYR,~1
ADVENT,~1
BUCKEYE,~1
GREEN,~7
MIC,~2
CASE,~25
DANDRUFF,~2
ASSORTED,~18
DSP,~6
PB,~3
VOORTMAN,~4
FAV,~3
LBS,~8
HNC,~1
SUNSCREEN,~5
DOUBLE,~39
PEACH,~2
MULTI,~13
EDC,~4
VALENTINES,~9
SLICED,~2
CKIE,~2
N,~3
EVERYTHING,~2
Z,~11
SEAFOOD,~5
JADE,~2
PNCL,~3
MM,~23
FELIXIBLE,~1
VAR,~8
D,~5
CAN,~39
CERAMIC,~1
MINUTE,~11
SUGAR,~9
PEPPER,~3
HLWN,~4
MGTC,~1
ORIGINAL,~27
ROSEMARY,~1
PERMANENT,~2
TOTE,~2
LDPE,~3
FRUCTIS,~3
CARTONS,~7
GIANT,~8
GROCERY,~1
SQR,~1
FOLIAGE,~11
FT,~35
SVRY,~2
SHT,~3
WITH,~10
SFWY,~1
EVTHNG,~1
BACKROOM,~4
GUN,~6
BAND,~4
LIGHT,~6
NORTH,~2
DROP,~7
LARGE,~10
BRAND,~1
SNSHS,~1
VAN,~4
STRAW,~2
SHIPPER,~18
TEXTURIZING,~1
F,~21
Q,~3
BOX,~8
ULTIMATE,~3
RING,~3
PLUS,~47
CRIMES,~11
CHOC,~3
MEAT,~16
BF,~5
TKY,~3
LOTION,~9
SIG,~2
BUTTERMILK,~2
SEASONAL,~1
TIER,~9
LICENSED,~5
SHAMPOO,~20
CHEX,~2
TC,~1
INGREDIENT,~4
QUATER,~1
MAGNETIC,~2
FLORAL,~2
GARDEN,~2
PRICE,~1
ITEMS,~3
VANILLA,~5
IRC,~29
WHITENING,~3
BLOOM,~2
TRD,~1
COMP,~3
FAMILY,~2
DONETTE,~2
MINIS,~2
EACH,~39
CABERNET,~7
DOTS,~2
PLACE,~1
FRESH,~4
-CMPT,~1
HERBAL,~3
QUARTS,~12
FOOT,~11
/BNDL,~1
COOKIE,~6
HOLDER,~1
FRT,~6
FLOZ,~15
APL,~1
DEGREE,~2
BBL,~3
SENSITIVE,~10
JARS,~2
THING,~3
AST,~4
CUCUMBER,~1
ALB,~1
FLAV,~4
SIDECAP,~3
QUARTERED,~2
SERV,~5
EXTRA,~15
PWR,~4
GOUND,~2
STACKABLES,~1
WAVING,~1
SLI,~4
UNCOOKED,~1
SNACKS,~10
CAL,~2
LITTER,~1
QFM,~1
AMBIDEXTROUS,~2
SERVE,~3
CTC,~6
JUICE,~2
RPBP,~1
COMPARTMENT,~15
WTRSNL,~2
KBS,~1
SINGLE,~6
WHEAT,~3
SIDES,~1
MINI,~13
ANTHURIUM,~3
L,~2
INFALLIBLE,~5
SEASON,~1
CHRISTMAS,~9
BEVERAGE,~2
US,~7
CA,~1
BEEF,~4
SONIC,~4
WHEEL,~3
STRAWBERRY,~7
MULTIPACK,~1
DAY,~7
PLATTER,~1
BLEND,~2
TRVL,~1
EIGHT,~3
FOUR,~2
NATL,~47
CU,~38
PAIRS,~7
BITE,~3
BODY,~4
DET,~5
ISLAND,~8
CMPT,~7
DOSE,~15
ELEMENTS,~2
NAPA,~1
DESIGNS,~1
GRAM,~15
INX,~2
CHPB,~2
BOUQUET,~2
PLANT,~1
LTO,~8
SILICONE,~1
CASES,~9
POURABLE,~1
FROZEN,~2
SAUVIGNON,~2
GRND,~5
LAVENDER,~3
ORCHID,~5
CLASSIC,~8
BREAD,~2
ENAMEL,~3
EZPL,~1
TEA,~3
SYNTHETIC,~2
EFFERVESCENT,~1
QUIKSTYLE,~1
SKY,~4
QUART,~38
GAS,~2
GARLIC,~3
ITALN,~2
SS,~6
LS,~5
SMK,~4
RS,~3
WS,~2
BOURBON,~3
TROT,~1
ZOO,~2
FOR,~8
HOT,~3
SAUCE,~2
UNITS,~5
DICED,~1
PREMIUM,~9
JUMBO,~21
MICELLAR,~3
FOREVER,~1
RESTORING,~3
CHOCOLATEY,~1
MONTHS,~9
MOD,~4
POLY,~5
LINE,~2
MONARCH,~1
PACKS,~2
MARIGOLD,~1
YR,~9
CALORIE,~15
WIPER,~1
CRNCHY,~2
DEADLY,~2
LIGHTS,~7
MIX,~10
SFY,~1
TP,~1
RD,~4
PURPLE,~4
PINK,~3
SILVER,~6
CHERRYWOOD,~1
BURNER,~5
RTS,~1
SPRING,~5
PRE,~2
LAYERS,~6
FLASK,~1
COMU,~1
LLDPE,~6
XL,~9
PREPACK,~1
SELL,~1
GRAIN,~6
ALOE,~2
CIRCLE,~1
COFFEE,~3
LIGHTWEIGHT,~3
CE,~3
CALORIES,~5
DEEP,~4
PMPKIN,~1
CHARCUTERIE,~1
OVEN,~1
CANTARITO,~1
COLORFUL,~1
CAKE,~8
YARDS,~13
BOLT,~1
NA,~6
CSPRAY,~2
VOLUMINOUS,~2
BKRY,~1
VEG,~1
HOLE,~3
BOWL,~1
PHARMACY,~2
RESPIRATOR,~1
MGNTIC,~1
IRON,~1
JUG,~1
NATIONAL,~17
HRT,~1
STARS,~2
FIREWORKS,~1
DUAL,~2
LIQUID,~3
BOND,~7
CHICKEN,~2
WFL,~1
PUNCH,~1
BAKE,~1
MOONS,~1
HDPE,~3
ASTDA,~2
MEDIUM,~16
SCHOOL,~1
POLLIO,~1
VARIETY,~9
NONDIM,~1
PROTEIN,~6
BEARD,~1
FR,~2
LOP,~8
ICEE,~5
PLT,~2
BANANA,~6
YELLOW,~1
BAMBOO,~4
GRAND,~6
CARRY,~3
GRAINS,~2
MIRACLE,~9
CANDLES,~1
PT,~7
SCALE,~1
GNGRBRD,~1
PCH,~1
GN,~3
STR,~4
ROLL,~24
CDU,~6
PUMPKIN,~9
LTN,~5
MAYBELLINE,~2
COUNTER,~4
BLUEBERRY,~5
SPLASH,~7
KERATIN,~4
SILK,~5
NATI,~2
KRFT,~3
HEAT,~5
WICKED,~1
HALLOWEEN,~8
WLD,~1
JWL,~1
UNST,~1
GERB,~4
POMPINI,~2
GREENS,~1
EMPLOYEE,~1
AGED,~1
RECHRG,~1
TURKEY,~2
AL,~1
CUDDLY,~1
KIT,~13
WTRMLN,~1
CRAYOLA,~6
-BK,~1
ALBERTSON,~1
PERIOD,~2
KISS,~4
POCKET,~3
PCY,~1
PRINTED,~20
CINEMA,~4
KOLLISIONS,~2
LF,~1
MARCH,~1
NTL,~4
LTR,~3
RB,~2
SOAP,~1
FRUITY,~2
CHOICE,~1
COOKIES,~1
DUSTING,~5
LUNCH,~4
MEALS,~2
YEARS,~3
BEGONIA,~1
RYE,~2
TUMBLER,~9
WORLDS,~1
INTV,~1
KG,~1
SCHNAPPS,~1
CONDITIONER,~2
LASH,~8
PETLS,~6
CEP,~3
LAGE,~1
PIE,~1
HAM,~8
FLIP,~3
FRUIT,~2
BONDING,~2
DG,~4
EASTER,~4
SEAS,~1
ACCORDION,~1
PHAL,~1
BLK,~3
SCRUNCHIE,~1
DISPALY,~1
PEDS,~1
CLIP,~4
DEGREES,~1
SOUTH,~2
SMALL,~11
SOUP,~1
EXCHANGE,~1
/PDQ,~1
WATT,~11
CRISTALINO,~1
PH,~2
PR,~5
BROMELIAD,~2
CARDS,~1
MILLILITER,~10
BLOOMS,~3
BUNCHES,~1
GIFT,~4
HIGHBALL,~1
COILS,~1
TWIN,~1
HR,~17
NATCVG,~1
AMARYLLIS,~1
HLD,~1
SCALP,~4
EYE,~2
STYLE,~1
HARD,~2
SOFT,~11
PPK,~23
GRAD,~3
BIRTHDAY,~1
TERRA,~2
VARIETIES,~1
CHRIOS,~2
FAJITA,~1
SMOKED,~2
WIRE,~3
TREATMENT,~1
ITEM,~3
VERY,~1
PEEL,~2
SC,~1
GALLONS,~1
CUPCAKE,~5
KICK,~1
CLP,~2
MONTH,~5
IBM,~2
PLAIN,~2
VEGETABLE,~2
YD,~28
SIZE,~1
BABY,~4
NT,~2
MATTEL,~1
DAILY,~7
CUBE,~1
WHISKEY,~1
FORKS,~1
SHELLS,~1
ZIPPER,~1
FIJI,~1
GROC,~5
GAUGE,~62
REPLCMNT,~1
CHARCOAL,~3
WEIGHT,~2
CARBONATOR,~1
FY,~20
SAFETY,~1
COCO,~1
CLIPSTRIP,~2
CEREAL,~1
FULL,~3
H,~9
SLICES,~4
TRAY,~1
REFILL,~18
MIXED,~4
PAIR,~8
STICK,~18
FIFTEEN,~8
PANEL,~3
CONCEALER,~1
NWR,~1
COIN,~36
PINOT,~1
DK,~4
TRITON,~2
JAR,~4
HOOK,~6
DISPOSABLE,~7
FACE,~9
VALENTNEOLASTLIPC,~1
ALPHABET,~3
OLAST,~1
SLOT,~1
APPLE,~14
ON,~3
MXD,~3
UN,~1
CUSTOM,~3
BROWN,~3
GIN,~2
TAMPER,~1
HANGER,~2
LG,~1
MASK,~1
TWISTS,~1
OUTDOOR,~3
CLIPS,~2
HOOKS,~4
LIVELY,~1
COMBO,~6
SMPLYAGLSSCNTRUNI,~1
MELON,~2
PRIMER,~2
PIXIE,~1
PP,~4
DL,~2
YLW,~2
GL,~2
DESSERT,~2
MID,~2
CYCLE,~1
FS,~6
SANDWICH,~2
LSH,~2
YDS,~13
MEDICATED,~2
PINEAPPLE,~1
SKINNY,~1
CANADIAN,~1
TWPK,~3
CARIB,~1
WOODLAND,~1
DRUM,~2
DW,~3
KT,~1
TORTILLA,~1
ISLND,~1
SPRAY,~17
PULP,~2
CAST,~1
DRY,~9
FALVOR,~4
CHECKSTAND,~1
GUSSET,~3
BERRY,~3
BATTERIES,~43
V,~11
METAL,~1
TONER,~2
LP,~20
RECYCLED,~1
PORTS,~1
FOOTBALL,~3
RX,~2
PLUSH,~10
TRAD,~3
ASTD,~13
PIECES,~13
/CS,~1
SPONGE,~2
-T,~1
HOURS,~2
SPT,~3
GLD,~1
COGNAC,~1
LO,~1
INDSTRL,~6
DIONAEA,~1
DOG,~1
BNS,~1
LOADED,~1
SUBJCT,~1
LODI,~1
BARS,~2
OFFER,~1
BOXES,~1
SSNAL,~1
DRAFTING,~2
WAFFLE,~1
HANDLE,~3
J,~3
CHAIN,~4
BRT,~1
WASH,~2
LITRE,~2
PWRWING,~1
DZ,~6
GEL,~15
MINUTES,~1
FROST,~1
PHOTO,~16
CURE,~1
TABLETS,~8
VP,~1
IU,~17
BATH,~5
SW,~1
BRW,~2
OUTLAST,~1
SWEET,~5
EXTREME,~2
PERSONAL,~1
GUMMIES,~25
CHERRY,~5
HONEY,~1
VINEYARDS,~1
AAA,~1
PSI,~1
MCG,~25
MESNS,~1
SL,~1
MILLION,~1
WATTS,~2
ULTRA,~12
ALL,~6
USB,~3
A,~1
S,~5
GLOBE,~2
GUMMY,~1
CD,~1
VITAMIN,~1
UNSCENTED,~3
MOSQUITO,~2
ADVANTAGE,~7
GLOW,~1
BURNR,~4
CSRP,~1
LUBRICANT,~1
STMLES,~2
COLORING,~1
VOLUME,~5
VS,~2
SPRAYS,~8
MEN,~2
CARDED,~1
EYES,~2
PASTEL,~1
PRESERVATIVE,~1
SNS,~3
-TONE,~1
FLOOD,~2
SMRT,~1
COUNTG,~1
-SIDED,~1
CHEWABLES,~1
SPRY,~2
TOWELETTES,~3
SIMPLE,~1
FAST,~1
SHEER,~2
SUPERSPORT,~2
SERVINGS,~2
DAMAGE,~1
CRM,~1
TABLET,~2
CLOSER,~1
WET,~1
SZ,~1
PEN,~4
HRS,~5
MGNTC,~2
SOFTGELS,~3
BRILLANCE,~3
SHMP,~1
WATERMELON,~1
THCKNG,~1
TUBE,~2
STRAINS,~12
CAPSULES,~4
SANTOKU,~1
PULSE,~1
RIPPED,~2
SERVING,~1
-PK,~4
GUMMIS,~1
TB,~1
O,~5
UNSCENT,~1
QUIKCLOT,~1
TRAVEL,~2
BULB,~6
PN,~2
KNOCKOUT,~1
INCU,~1
STRIP,~8
CTN,~3
MILLIGRAMS,~2
TIME,~2
TWN,~1
DISCREET,~1
SPARKLING,~1
MOISTURIZER,~2
RIBBON,~1
CHAMPAGNE,~2
I,~2
BURGUNDY,~1
LEASH,~1
SKIN,~4
RULED,~2
PORT,~2
KIDS,~6
II,~2
SENSATIONS,~2
SHELF,~1
NIPPLE,~3
P,~3
VEGGIE,~3
RECYLED,~1
SPF,~1
NOSE,~1
U,~1
LGHT,~1
COUUT,~1
PLAY,~2
MILLAGRAM,~1
COMBINATION,~1
BRITA,~1
FROSTED,~1
RAPID,~1
BRIGHT,~1
CHEWABLE,~2
SIL,~4
RLS,~1
ANTI,~1
BRAKE,~1
GRAMS,~2
SHTS,~2
SBJCT,~1
SM,~1
PRENATAL,~1
FULLY,~1
IMAGINE,~2
CMP,~4
CMPST,~2
HWB,~1
INTENSE,~2
CANDY,~1
PERF,~1
TILE,~1
M,~3
PPP,~1
TLTRPL,~2
SCALLOP,~1
FBTF,~2
ESS,~6
MICROGRAMS,~1
CARTRIDGE,~3
AMBER,~1
LEMON,~2
NECK,~2
TOP,~1
DOSES,~4
DROPS,~1
HEAD,~1
LC,~2
YARD,~3
K,~3
SOFTGEL,~2
WATERBASED,~2
-PACK,~1
REAL,~1
BY,~1
ACTIVE,~2
TRIMMER,~1
ROUND,~1
TR,~1
ROLLING,~1
BANDAGES,~1
FISH,~1
APPLIANCE,~1
SAKE,~2
SPICY,~4
MILIGRAM,~2
SUB,~9
STAR,~2
EASY,~2
NORMAL,~2
HYBRID,~2
DISPENSER,~1
CONT,~1
SCARLET,~3
BILLION,~1
BLACKEST,~1
LOW,~2
BW,~1
VERDE,~2
GUMMIE,~1
PEPPERMINT,~1
VALUE,~3
JET,~1
RT,~2
INDOOR,~1
SNACK,~4
WAG,~3
NIGHTLIGHT,~1
LIP,~3
FOLDALOPE,~1
RTU,~1
MILIGRAMS,~1
POLYPROPYLENE,~2
HUGE,~2
SF,~7
NIGHT,~3
COQ,~2
DOZENS,~1
CLTHNG,~1
MPR,~10
FIRST,~1
KS,~1
IMPRESS,~4
BAKING,~1
MINIWING,~2
AUG,~1
FLRSTND,~1
ENCANTO,~3
PAPER,~1
PADS,~5
MASCARA,~2
OW,~2
MOS,~1
CHILES,~1
JUM,~1
RAID,~1
CELLO,~1
APC,~1
PM,~1
MINERALS,~1
FD,~4
BE,~1
CHRSTIMAS,~3
COOKING,~1
PAK,~1
COVERAGE,~1
HEB,~1
FSSK,~2
SLEEP,~1
LATEX,~2
IMMUNITY,~1
APR,~2
FLOORSTAND,~3
HOL,~1
LOOKS,~2
PENNE,~3
SPAGHETTI,~2
RIGATONI,~1
B,~2
YRS,~1
BOXED,~1
RC,~1
RID,~1
MOM,~2
SPEEDREAD,~1
RESTFUL,~4
WOMEN,~3
MENS,~4
MAPLE,~1
THICK,~2
CHILI,~2
TUB,~3
PKX,~2
EMI,~4
LITH,~2
CHOCOLATE,~2
FC,~1
CORRUGATED,~1
ROSE,~2
CIDER,~1
ZERO,~1
NATURAL,~8
CLNSR,~1
FANTASY,~1
FAT,~1
BAGEL,~1
SUMMER,~2
KN,~2
RESP,~1
SQ,~6
PARTICULATE,~1
OUUNCE,~1
QRTR,~1
KRILL,~1
OUCNE,~1
CHANNEL,~2
FACIAL,~1
GELATIN,~2
BX,~2
REESE,~1
IVORY,~2
DT,~2
MP,~1
FSSDK,~1
BOLD,~1
LOAVES,~1
BOY,~1
RETINOL,~1
SHORT,~1
STK,~2
HVY,~1
REFILLS,~3
CLINICAL,~1
MAX,~13
GM,~1
TUFTS,~2
SANITIZER,~1
SYMPTOM,~2
ADVANCED,~4
CREAM,~3
EX,~5
HYALURONIC,~2
DELICATE,~1
COLD,~1
LUB,~1
MANUAL,~3
GRP,~1
PMPKN,~1
NFC,~1
FEMALE,~2
BEARGLOVE,~1
SAPPHIRE,~1
INTENSIVE,~6
BLUEY,~1
TEAR,~7
RWB,~1
WATER,~2
OPTIC,~10
SIZES,~2
PATCHES,~1
RIBBED,~1
PROTECTION,~1
ITCHY,~2
NO,~2
ZINC,~2
OVERNIGHT,~6
MENTHOL,~2
NEUTRAL,~3
MAN,~4
DUSTY,~2
CAPPUCINO,~1
OZX,~3
BOTTLE,~1
SUNBLOCK,~1
ESPRESSO,~2
TEASPOONS,~4
PLLT,~2
SOOTHING,~6
HAIRSPRAY,~2
CAPLETS,~1
SLEEVES,~1
DRIED,~2
DFS,~12
LUBE,~1
SY,~1
PCS,~6
MTB,~4
BYOFAK,~2
OS,~4
ASB,~1
STRANDS,~1
RSMRMT,~3
SWAGGER,~1
LEAF,~1
APPLES,~2
PHOENIX,~1
RUSH,~2
LUBRASTRIP,~1
COOLING,~2
KFH,~2
OUTPOST,~7
SQUASH,~2
JUST,~13
ORGANICS,~2
BANANAS,~3
CLOSURE,~4
DRAM,~6
BAGS,~5
LESS,~3
PEAR,~3
ORGANIC,~8
TABS,~6
BROC,~1
BAN,~2
MLB,~5
BASEBALL,~3
DGST,~6
MNW,~2
SDK,~1
OATMEAL,~1
TAG,~2
CLPSTRP,~1
STRP,~1
PEARS,~5
/SSP,~2
/SSV,~1
FAIR,~1
WICK,~8
-WA,~1
CARROT,~2
PAD,~2
VEET,~1
FLUSHES,~1
TRANS,~1
SWT,~1
OXY,~1
CARVING,~3
PW,~2
CLMNT,~2
ZUCCHINI,~1
POUCH,~5
PRUNES,~3
DART,~3
GUAR,~2
SQSH,~1
VSENS,~1
STICKS,~2
FUS,~1
MEDLEY,~4
GSK,~1
MINIONS,~2
VEN,~2
OP,~2
ADV,~4
CC,~2
OLYMPIC,~1
PEAS,~1
MUSKETEERS,~10
APLE,~1
FLV,~4
DSTING,~1
TEACHER,~1
MANGOS,~2
DIAPERS,~4
BLENDS,~2
MELTS,~2
VEGGIES,~2
CLNG,~2
POT,~6
.FZ,~1
BFST,~2
ASSORT,~1
ICE,~1
CLEANER,~1
PAN,~2
RIB,~1
CLASSICS,~1
CACTUS,~1
GVA,~1
ONUCE,~1
LIC,~8
PRIME,~4
BOCA,~2
KAYAK,~4
SURP,~2
SPRISE,~1
NEWELL,~16
RAFT,~6
MUSKEETERS,~2
SURPRSE,~4
DIG,~2
USA,~2
PLAYBALL,~4
BASIC,~2
SAND,~1
TMBLRS,~1
ARM,~1
GLITTER,~2
TUMBLERS,~1
PARTY,~4
/HR,~1
COBALT,~1
BIC,~8
ASEPTIC,~2
ACRE,~1
MARINE,~2
DUSTER,~4
FLOCKD,~1
BUG,~1
SURPRISE,~11
TBLWR,~4
ASST,~4
SUPRSE,~1
GRNS,~1
PASSOVER,~2
RNBW,~1
MARBLE,~2
TEAK,~1
GAME,~1
TABLETOP,~1
PLAYR,~1
PERSON,~3
PATRIOTIC,~1
PKT,~4
SEC,~1
FIT,~5
RAINGUM,~1
DIE,~1
BRGHTS,~1
BIN,~2
PICKLEBALLS,~1
WORDS,~2
LED,~5
CHANUKAH,~2
DINO,~2
MUSK,~1
SUPRISE,~1
REVERS,~2
POCK,~3
TONE,~5
CAUSE,~2
PLANTER,~1
ACTIVITY,~1
FROSTD,~2
CHARGE,~1
TABLE,~1
DIAMOND,~1
ACME,~2
HEART,~2
SWEEPER,~1
TAFFY,~1
RECHARG,~2
HLDY,~2
LGHTS,~3
NYLON,~1
LEAPTOP,~1
CITRUS,~1
CF,~1
OBLNG,~1
TBLETOP,~1
HEADED,~1
CNT,~1
HUMIDIFIER,~1
ARCTICLTH,~1
GUMMI,~2
SMOKEY,~1
TOPPR,~1
PMKN,~2
OUTET,~1
DSC,~1
GAMING,~1
SQFT,~1
PORC,~1
OVAL,~1
CRUNCHY,~1
DISPOSBL,~1
MOPPING,~2
DISP,~1
WILD,~3
ACAI,~2
TROPICAL,~1
POCKETS,~1
PLAN,~1
MARVEL,~2
LOOP,~2
DEVICE,~1
SPRNG,~2
LUMN,~2
PIZZA,~3
SNACKLES,~1
LAUNDRY,~2
FERRERO,~1
RICH,~1
PREM,~1
MIST,~1
FLOATING,~1
PLAYER,~1
WINDOW,~2
GRA,~1
BATTING,~1
SUPR,~5
PISO,~2
TWO,~1
INSBL,~1
FLUIC,~1
SPLATTER,~1
HARVEST,~1
SURPSE,~1
PATTERN,~1
LU,~4
COUN,~1
PAL,~7
SINGLES,~1
KNOBBY,~1
TIP,~1
CUPS,~3
DISH,~1
COOLER,~2
LAMB,~1
MOUNTAIN,~3
STARTER,~1
LOG,~1
REPREVE,~1
BUTTER,~2
COOLR,~2
SALAD,~1
PUNCE,~1
GROWN,~2
PRETZELS,~1
COCOAS,~1
-COUNT,~1
GRLL,~1
CHEDDAR,~1
BLOODY,~4
ENORM,~3
MULE,~1
GA,~2
ORIGIAL,~2
OOUNCE,~1
DB,~2
RINSE,~3
/PKG,~1
GALLONPINE,~2
OX,~1
MR,~2
ALUMINUM,~1
DBL,~1
MRL,~2
ENERGY,~5
ROLLS,~1
CHEERIOS,~1
SYRUP,~1
PERFORMANCE,~2
NEWBORN,~1
STRENGTH,~1
CLEAN,~2
CHS,~2
PRETZEL,~1
DETERGENT,~1
SMP,~1
EVRYDAY,~1
BTL,~1
LIQ,~1
