sr_no,name,gender
1,Shriram,m
2,Raghav,m
3,Soham,m
4,Madhav,m
5,Radha,f
6,Aakanksha,f
7,Anushka,f
8,Shreedhar,m
9,Sanket,m
10,Payal,f
11,Siddhi,f
12,Om,m
13,Rajesh,m
14,Shubhankar,m
15,Swati,f
16,Divya,f
17,Ajay,m
18,Anurag,m
19,Pranav,m
20,Tejas,m
21,Manasi,f
22,Rohan,m
23,Kaushik,m
24,Sanjana,f
25,Sahil,m
26,Sarang,m
27,Rudra,m
28,Atharv,m
29,Aarya,f
30,Arati,f
31,Tara,f
32,Mrunal,f
33,Viraj,m
34,Sakshi,f
35,Dhanashri,f
36,Vaishali,f
37,Varun,m
38,Yuvaraj,m
39,Mandar,m
40,Madhura,f
41,Sejal,f
42,Tanisha,f
43,Kaushal,m
44,Nishad,m
45,Kiran,m
46,Manoj,m
47,Pratik,m
48,Gauri,f
49,Gayatri,f
50,Kadambari,f
51,Aryan,m
52,Sudip,m
53,Rajendra,m
54,Subhash,m
55,Sandhya,f
56,Praveen,m
57,Subodh,m
58,Sunetra,f
59,Sunita,f
60,Sukanya,f
61,Swarnim,f
62,Prasad,m
63,Ranish,m
64,Abhijit,m
65,Sai,f
66,Santosh,m
67,Nitin,m
68,Jaydeep,m
69,Ratna,f
70,Prajakta,f
71,Neha,f
72,Gaurav,m
73,Gandhali,f
74,Riya,f
75,Arun,m
76,Suman,f
77,Yashashree,f
78,Yash,m
79,Sanjay,m
80,Deepak,m
81,Raj,m
82,Narayan,m
83,Sangram,m
84,Dhairyashil,m
85,Sumesh,m
86,Dattatray,m
87,Rohini,f
88,Digambar,m
89,Rajashree,f
90,Prachi,f
91,Pallavi,f
92,Jija,f
93,Shambhavi,f
94,Shakuntala,f
95,Karuna,f
96,Varsha,f
97,Bhushan,m
98,Swapnil,m
99,Swapna,f
100,Swaraj,m
101,Riddhi,f
102,Aishwarya,f
103,Shreya,f
104,Anagha,f
105,Neelam,f
106,Tapasya,f
107,Nidhi,f
