sr_no,lastName
1,Mane
2,Kulkarni
3,Joshi
4,Deshpande
5,Shinde
6,Chitnis
7,Mandhare
8,Modi
9,Pawar
10,Bhosale
11,Shelar
12,Bhatwadekar
13,Chalke
14,Shirke
15,Rane
16,Marathe
17,Kale
18,Sanglikar
19,Moghe
20,Chavan
21,Sawant
22,Ghorpade
23,Shedge
24,Kamble
25,Patil
26,Jadhav
27,Barge
28,Deware
29,Biradar
30,Birajdar
31,Yewale
32,Patankar
33,Pandit
34,Satarkar
35,Sarkar
36,Bhat
37,Fadanis
38,Phadke
39,Bokil
40,Wagh
41,Talwalkar
42,Natu
43,Dhane
44,Gokhale
45,Sarpotdar
46,Potdar
47,Karkhanis
48,Thatte
49,Malshe
50,Chorge
51,Mangalekar
52,Mahadik
53,Mandalekar
54,Chaudhari
55,Patekar
56,Dixit
57,Oak
58,Paradeshi
59,Phadatare
60,Khandke
61,Khadilkar
62,Anaspure
63,Ghadge
64,Shahane
65,Gadgil
66,Bodas
67,Malusare
68,Marulkar
69,Jedhe
70,Karanjkar
71,Kolhapure
72,Kolhatkar
73,Purandare
74,Gadkari
75,Tavade
76,Taware
77,Solapurkar
78,Nikam
79,Gulumkar
80,Gulvani
81,Gond
82,Godse
83,Gandhi
84,Ghatpande
85,Waghmare
86,Sable
87,Shivankar
88,Ballal
89,Velhal
90,Kadam
91,Korde
92,Parab
93,Thakre
94,Salunkhe
95,Chaphekar
96,Raje
97,Kirloskar
98,Rajopadhye
99,Bhadkamkar
100,Wachasundar
101,Bedekar
102,Sohani
103,Ghanekar
104,Deshmukh
105,Gadekar
106,Gade
107,Mishra
108,Sarnaik
